,dataset size (sent),Source lang word TTR,Source lang subword TTR,Target lang word TTR,Target lang subword TTR,Source lang vocab size,Source lang subword vocab size,Target lang vocab size,Target lang subword vocab size,Source lang Average Sent. Length,Target lang average sent. length,Source lang word Count,Source lang subword Count,Target lang word Count,Target lang subword Count,geographic,genetic,inventory,syntactic,phonological,featural
0,10000,0.152245664236671,0.012479372189725115,0.13981865172185876,0.013176296447529604,40223,5165,35327,5163,26.4198,25.2663,264198,413883,252663,391840,0.1,0.9,0.4235,0.47,0.5687,0.5
1,50000,0.0830609663776026,0.002706601166245757,0.0765948642863395,0.0028819870198325405,109938,5633,96256,5648,26.47164,25.1338,1323582,2081208,1256690,1959759,0.1,0.9,0.4235,0.47,0.5687,0.5
2,100000,0.06247512810936897,0.0014691164944042655,0.05797651658227234,0.0015502282452204516,163272,6026,144619,6018,26.13392,24.94441,2613392,4101785,2494441,3882009,0.1,0.9,0.4235,0.47,0.5687,0.5
3,200000,0.04647596649584647,0.0008330706751164237,0.04379200730124601,0.0008838811185612748,245285,6909,220818,6957,26.38837,25.212135,5277674,8293414,5042427,7870968,0.1,0.9,0.4235,0.47,0.5687,0.5
4,500000,0.031492501266945395,0.00043800186602853646,0.029659137152482272,0.0004655587427066305,413621,9035,371849,9090,26.267904,25.074836,13133952,20627766,12537418,19524926,0.1,0.9,0.4235,0.47,0.5687,0.5
5,1000000,0.02326698974917273,0.00029585765153226836,0.022184561812458616,0.0003565018839143999,611936,12221,557285,13950,26.300609,25.120397,26300609,41307027,25120397,39130228,0.1,0.9,0.4235,0.47,0.5687,0.5
6,1500000,0.01956486514676065,0.0002454065816040088,0.01862134847233439,0.0002643409753063518,771329,15201,701065,15504,26.282794666666668,25.09897,39424192,61942104,37648455,58651520,0.1,0.9,0.4235,0.47,0.5687,0.5
7,2000000,0.01720786105813861,0.00021901318435885118,0.01649119850590126,0.0002546106090472958,904784,18092,827905,19913,26.289845,25.10142,52579690,82606899,50202840,78209624,0.1,0.9,0.4235,0.47,0.5687,0.5
8,2461557,0.015677155854043154,0.00020195412002485254,0.015077396254190908,0.0002330790058679216,1014547,20534,931610,22439,26.29026709517594,25.101397205102298,64714991,101676559,61788520,96272077,0.1,0.9,0.4235,0.47,0.5687,0.5